{
    "departure_city_weight": 0.1000000000000000055511151231257827021181583404541015625,
    "arrival_city_weight": 0,
    "airline_weight": 0.59999999999999997779553950749686919152736663818359375
}